--
-- PostgreSQL database dump
--

\restrict ojmIM1XLMTgvpPAW3azFVCLn2SFBTgeL1yOBb4QN1Xt7aTyuEGNpDoFMNUrbxAZ

-- Dumped from database version 18.0
-- Dumped by pg_dump version 18.0

-- Started on 2025-10-30 20:57:12

SET statement_timeout = 0;
SET lock_timeout = 0;
SET idle_in_transaction_session_timeout = 0;
SET transaction_timeout = 0;
SET client_encoding = 'UTF8';
SET standard_conforming_strings = on;
SELECT pg_catalog.set_config('search_path', '', false);
SET check_function_bodies = false;
SET xmloption = content;
SET client_min_messages = warning;
SET row_security = off;

SET default_tablespace = '';

SET default_table_access_method = heap;

--
-- TOC entry 226 (class 1259 OID 16424)
-- Name: auth_group; Type: TABLE; Schema: public; Owner: postgres
--

CREATE TABLE public.auth_group (
    id integer NOT NULL,
    name character varying(150) NOT NULL
);


ALTER TABLE public.auth_group OWNER TO postgres;

--
-- TOC entry 225 (class 1259 OID 16423)
-- Name: auth_group_id_seq; Type: SEQUENCE; Schema: public; Owner: postgres
--

ALTER TABLE public.auth_group ALTER COLUMN id ADD GENERATED BY DEFAULT AS IDENTITY (
    SEQUENCE NAME public.auth_group_id_seq
    START WITH 1
    INCREMENT BY 1
    NO MINVALUE
    NO MAXVALUE
    CACHE 1
);


--
-- TOC entry 228 (class 1259 OID 16434)
-- Name: auth_group_permissions; Type: TABLE; Schema: public; Owner: postgres
--

CREATE TABLE public.auth_group_permissions (
    id bigint NOT NULL,
    group_id integer NOT NULL,
    permission_id integer NOT NULL
);


ALTER TABLE public.auth_group_permissions OWNER TO postgres;

--
-- TOC entry 227 (class 1259 OID 16433)
-- Name: auth_group_permissions_id_seq; Type: SEQUENCE; Schema: public; Owner: postgres
--

ALTER TABLE public.auth_group_permissions ALTER COLUMN id ADD GENERATED BY DEFAULT AS IDENTITY (
    SEQUENCE NAME public.auth_group_permissions_id_seq
    START WITH 1
    INCREMENT BY 1
    NO MINVALUE
    NO MAXVALUE
    CACHE 1
);


--
-- TOC entry 224 (class 1259 OID 16414)
-- Name: auth_permission; Type: TABLE; Schema: public; Owner: postgres
--

CREATE TABLE public.auth_permission (
    id integer NOT NULL,
    name character varying(255) NOT NULL,
    content_type_id integer NOT NULL,
    codename character varying(100) NOT NULL
);


ALTER TABLE public.auth_permission OWNER TO postgres;

--
-- TOC entry 223 (class 1259 OID 16413)
-- Name: auth_permission_id_seq; Type: SEQUENCE; Schema: public; Owner: postgres
--

ALTER TABLE public.auth_permission ALTER COLUMN id ADD GENERATED BY DEFAULT AS IDENTITY (
    SEQUENCE NAME public.auth_permission_id_seq
    START WITH 1
    INCREMENT BY 1
    NO MINVALUE
    NO MAXVALUE
    CACHE 1
);


--
-- TOC entry 240 (class 1259 OID 16604)
-- Name: citas_cita; Type: TABLE; Schema: public; Owner: postgres
--

CREATE TABLE public.citas_cita (
    id bigint NOT NULL,
    fecha date NOT NULL,
    hora time without time zone NOT NULL,
    motivo text NOT NULL,
    estado character varying(20) NOT NULL,
    observaciones text NOT NULL,
    fecha_creacion timestamp with time zone NOT NULL,
    fecha_cancelacion timestamp with time zone,
    motivo_cancelacion text NOT NULL,
    creado_por_id bigint NOT NULL,
    medico_id bigint NOT NULL,
    paciente_id bigint NOT NULL
);


ALTER TABLE public.citas_cita OWNER TO postgres;

--
-- TOC entry 239 (class 1259 OID 16603)
-- Name: citas_cita_id_seq; Type: SEQUENCE; Schema: public; Owner: postgres
--

ALTER TABLE public.citas_cita ALTER COLUMN id ADD GENERATED BY DEFAULT AS IDENTITY (
    SEQUENCE NAME public.citas_cita_id_seq
    START WITH 1
    INCREMENT BY 1
    NO MINVALUE
    NO MAXVALUE
    CACHE 1
);


--
-- TOC entry 236 (class 1259 OID 16546)
-- Name: django_admin_log; Type: TABLE; Schema: public; Owner: postgres
--

CREATE TABLE public.django_admin_log (
    id integer NOT NULL,
    action_time timestamp with time zone NOT NULL,
    object_id text,
    object_repr character varying(200) NOT NULL,
    action_flag smallint NOT NULL,
    change_message text NOT NULL,
    content_type_id integer,
    user_id bigint NOT NULL,
    CONSTRAINT django_admin_log_action_flag_check CHECK ((action_flag >= 0))
);


ALTER TABLE public.django_admin_log OWNER TO postgres;

--
-- TOC entry 235 (class 1259 OID 16545)
-- Name: django_admin_log_id_seq; Type: SEQUENCE; Schema: public; Owner: postgres
--

ALTER TABLE public.django_admin_log ALTER COLUMN id ADD GENERATED BY DEFAULT AS IDENTITY (
    SEQUENCE NAME public.django_admin_log_id_seq
    START WITH 1
    INCREMENT BY 1
    NO MINVALUE
    NO MAXVALUE
    CACHE 1
);


--
-- TOC entry 222 (class 1259 OID 16402)
-- Name: django_content_type; Type: TABLE; Schema: public; Owner: postgres
--

CREATE TABLE public.django_content_type (
    id integer NOT NULL,
    app_label character varying(100) NOT NULL,
    model character varying(100) NOT NULL
);


ALTER TABLE public.django_content_type OWNER TO postgres;

--
-- TOC entry 221 (class 1259 OID 16401)
-- Name: django_content_type_id_seq; Type: SEQUENCE; Schema: public; Owner: postgres
--

ALTER TABLE public.django_content_type ALTER COLUMN id ADD GENERATED BY DEFAULT AS IDENTITY (
    SEQUENCE NAME public.django_content_type_id_seq
    START WITH 1
    INCREMENT BY 1
    NO MINVALUE
    NO MAXVALUE
    CACHE 1
);


--
-- TOC entry 220 (class 1259 OID 16390)
-- Name: django_migrations; Type: TABLE; Schema: public; Owner: postgres
--

CREATE TABLE public.django_migrations (
    id bigint NOT NULL,
    app character varying(255) NOT NULL,
    name character varying(255) NOT NULL,
    applied timestamp with time zone NOT NULL
);


ALTER TABLE public.django_migrations OWNER TO postgres;

--
-- TOC entry 219 (class 1259 OID 16389)
-- Name: django_migrations_id_seq; Type: SEQUENCE; Schema: public; Owner: postgres
--

ALTER TABLE public.django_migrations ALTER COLUMN id ADD GENERATED BY DEFAULT AS IDENTITY (
    SEQUENCE NAME public.django_migrations_id_seq
    START WITH 1
    INCREMENT BY 1
    NO MINVALUE
    NO MAXVALUE
    CACHE 1
);


--
-- TOC entry 247 (class 1259 OID 16715)
-- Name: django_session; Type: TABLE; Schema: public; Owner: postgres
--

CREATE TABLE public.django_session (
    session_key character varying(40) NOT NULL,
    session_data text NOT NULL,
    expire_date timestamp with time zone NOT NULL
);


ALTER TABLE public.django_session OWNER TO postgres;

--
-- TOC entry 242 (class 1259 OID 16643)
-- Name: historias_clinicas_consulta; Type: TABLE; Schema: public; Owner: postgres
--

CREATE TABLE public.historias_clinicas_consulta (
    id bigint NOT NULL,
    fecha_consulta timestamp with time zone NOT NULL,
    presion_arterial character varying(10) NOT NULL,
    frecuencia_cardiaca integer,
    temperatura numeric(4,1),
    peso numeric(5,2),
    altura numeric(5,2),
    motivo_consulta text NOT NULL,
    sintomas text NOT NULL,
    diagnostico text NOT NULL,
    tratamiento text NOT NULL,
    observaciones text NOT NULL,
    proxima_cita date,
    medico_id bigint NOT NULL,
    historia_clinica_id bigint NOT NULL
);


ALTER TABLE public.historias_clinicas_consulta OWNER TO postgres;

--
-- TOC entry 241 (class 1259 OID 16642)
-- Name: historias_clinicas_consulta_id_seq; Type: SEQUENCE; Schema: public; Owner: postgres
--

ALTER TABLE public.historias_clinicas_consulta ALTER COLUMN id ADD GENERATED BY DEFAULT AS IDENTITY (
    SEQUENCE NAME public.historias_clinicas_consulta_id_seq
    START WITH 1
    INCREMENT BY 1
    NO MINVALUE
    NO MAXVALUE
    CACHE 1
);


--
-- TOC entry 244 (class 1259 OID 16659)
-- Name: historias_clinicas_examen; Type: TABLE; Schema: public; Owner: postgres
--

CREATE TABLE public.historias_clinicas_examen (
    id bigint NOT NULL,
    tipo character varying(3) NOT NULL,
    nombre character varying(200) NOT NULL,
    descripcion text NOT NULL,
    fecha_solicitud timestamp with time zone NOT NULL,
    fecha_realizacion date,
    resultados text NOT NULL,
    archivo_resultado character varying(100),
    consulta_id bigint NOT NULL
);


ALTER TABLE public.historias_clinicas_examen OWNER TO postgres;

--
-- TOC entry 243 (class 1259 OID 16658)
-- Name: historias_clinicas_examen_id_seq; Type: SEQUENCE; Schema: public; Owner: postgres
--

ALTER TABLE public.historias_clinicas_examen ALTER COLUMN id ADD GENERATED BY DEFAULT AS IDENTITY (
    SEQUENCE NAME public.historias_clinicas_examen_id_seq
    START WITH 1
    INCREMENT BY 1
    NO MINVALUE
    NO MAXVALUE
    CACHE 1
);


--
-- TOC entry 246 (class 1259 OID 16673)
-- Name: historias_clinicas_historiaclinica; Type: TABLE; Schema: public; Owner: postgres
--

CREATE TABLE public.historias_clinicas_historiaclinica (
    id bigint NOT NULL,
    fecha_creacion timestamp with time zone NOT NULL,
    ultima_actualizacion timestamp with time zone CONSTRAINT historias_clinicas_historiaclinic_ultima_actualizacion_not_null NOT NULL,
    antecedentes_personales text CONSTRAINT historias_clinicas_historiacli_antecedentes_personales_not_null NOT NULL,
    antecedentes_familiares text CONSTRAINT historias_clinicas_historiacli_antecedentes_familiares_not_null NOT NULL,
    medicamentos_actuales text CONSTRAINT historias_clinicas_historiaclini_medicamentos_actuales_not_null NOT NULL,
    paciente_id bigint NOT NULL
);


ALTER TABLE public.historias_clinicas_historiaclinica OWNER TO postgres;

--
-- TOC entry 245 (class 1259 OID 16672)
-- Name: historias_clinicas_historiaclinica_id_seq; Type: SEQUENCE; Schema: public; Owner: postgres
--

ALTER TABLE public.historias_clinicas_historiaclinica ALTER COLUMN id ADD GENERATED BY DEFAULT AS IDENTITY (
    SEQUENCE NAME public.historias_clinicas_historiaclinica_id_seq
    START WITH 1
    INCREMENT BY 1
    NO MINVALUE
    NO MAXVALUE
    CACHE 1
);


--
-- TOC entry 238 (class 1259 OID 16573)
-- Name: pacientes_paciente; Type: TABLE; Schema: public; Owner: postgres
--

CREATE TABLE public.pacientes_paciente (
    id bigint NOT NULL,
    tipo_documento character varying(2) NOT NULL,
    numero_documento character varying(20) NOT NULL,
    nombres character varying(100) NOT NULL,
    apellidos character varying(100) NOT NULL,
    fecha_nacimiento date NOT NULL,
    genero character varying(1) NOT NULL,
    telefono character varying(15) NOT NULL,
    celular character varying(15) NOT NULL,
    email character varying(254) NOT NULL,
    direccion text NOT NULL,
    ciudad character varying(100) NOT NULL,
    tipo_sangre character varying(3) NOT NULL,
    alergias text NOT NULL,
    contacto_emergencia_nombre character varying(200) NOT NULL,
    contacto_emergencia_telefono character varying(15) NOT NULL,
    contacto_emergencia_parentesco character varying(50) NOT NULL,
    fecha_registro timestamp with time zone NOT NULL,
    ultima_actualizacion timestamp with time zone NOT NULL,
    activo boolean NOT NULL
);


ALTER TABLE public.pacientes_paciente OWNER TO postgres;

--
-- TOC entry 237 (class 1259 OID 16572)
-- Name: pacientes_paciente_id_seq; Type: SEQUENCE; Schema: public; Owner: postgres
--

ALTER TABLE public.pacientes_paciente ALTER COLUMN id ADD GENERATED BY DEFAULT AS IDENTITY (
    SEQUENCE NAME public.pacientes_paciente_id_seq
    START WITH 1
    INCREMENT BY 1
    NO MINVALUE
    NO MAXVALUE
    CACHE 1
);


--
-- TOC entry 230 (class 1259 OID 16471)
-- Name: usuarios_usuario; Type: TABLE; Schema: public; Owner: postgres
--

CREATE TABLE public.usuarios_usuario (
    id bigint NOT NULL,
    password character varying(128) NOT NULL,
    last_login timestamp with time zone,
    is_superuser boolean NOT NULL,
    username character varying(150) NOT NULL,
    first_name character varying(150) NOT NULL,
    last_name character varying(150) NOT NULL,
    email character varying(254) NOT NULL,
    is_staff boolean NOT NULL,
    is_active boolean NOT NULL,
    date_joined timestamp with time zone NOT NULL,
    rol character varying(20) NOT NULL,
    cedula character varying(20) NOT NULL,
    telefono character varying(15) NOT NULL,
    especialidad character varying(100),
    fecha_creacion timestamp with time zone NOT NULL,
    activo boolean NOT NULL
);


ALTER TABLE public.usuarios_usuario OWNER TO postgres;

--
-- TOC entry 232 (class 1259 OID 16498)
-- Name: usuarios_usuario_groups; Type: TABLE; Schema: public; Owner: postgres
--

CREATE TABLE public.usuarios_usuario_groups (
    id bigint NOT NULL,
    usuario_id bigint NOT NULL,
    group_id integer NOT NULL
);


ALTER TABLE public.usuarios_usuario_groups OWNER TO postgres;

--
-- TOC entry 231 (class 1259 OID 16497)
-- Name: usuarios_usuario_groups_id_seq; Type: SEQUENCE; Schema: public; Owner: postgres
--

ALTER TABLE public.usuarios_usuario_groups ALTER COLUMN id ADD GENERATED BY DEFAULT AS IDENTITY (
    SEQUENCE NAME public.usuarios_usuario_groups_id_seq
    START WITH 1
    INCREMENT BY 1
    NO MINVALUE
    NO MAXVALUE
    CACHE 1
);


--
-- TOC entry 229 (class 1259 OID 16470)
-- Name: usuarios_usuario_id_seq; Type: SEQUENCE; Schema: public; Owner: postgres
--

ALTER TABLE public.usuarios_usuario ALTER COLUMN id ADD GENERATED BY DEFAULT AS IDENTITY (
    SEQUENCE NAME public.usuarios_usuario_id_seq
    START WITH 1
    INCREMENT BY 1
    NO MINVALUE
    NO MAXVALUE
    CACHE 1
);


--
-- TOC entry 234 (class 1259 OID 16507)
-- Name: usuarios_usuario_user_permissions; Type: TABLE; Schema: public; Owner: postgres
--

CREATE TABLE public.usuarios_usuario_user_permissions (
    id bigint NOT NULL,
    usuario_id bigint NOT NULL,
    permission_id integer NOT NULL
);


ALTER TABLE public.usuarios_usuario_user_permissions OWNER TO postgres;

--
-- TOC entry 233 (class 1259 OID 16506)
-- Name: usuarios_usuario_user_permissions_id_seq; Type: SEQUENCE; Schema: public; Owner: postgres
--

ALTER TABLE public.usuarios_usuario_user_permissions ALTER COLUMN id ADD GENERATED BY DEFAULT AS IDENTITY (
    SEQUENCE NAME public.usuarios_usuario_user_permissions_id_seq
    START WITH 1
    INCREMENT BY 1
    NO MINVALUE
    NO MAXVALUE
    CACHE 1
);


--
-- TOC entry 5169 (class 0 OID 16424)
-- Dependencies: 226
-- Data for Name: auth_group; Type: TABLE DATA; Schema: public; Owner: postgres
--

COPY public.auth_group (id, name) FROM stdin;
\.


--
-- TOC entry 5171 (class 0 OID 16434)
-- Dependencies: 228
-- Data for Name: auth_group_permissions; Type: TABLE DATA; Schema: public; Owner: postgres
--

COPY public.auth_group_permissions (id, group_id, permission_id) FROM stdin;
\.


--
-- TOC entry 5167 (class 0 OID 16414)
-- Dependencies: 224
-- Data for Name: auth_permission; Type: TABLE DATA; Schema: public; Owner: postgres
--

COPY public.auth_permission (id, name, content_type_id, codename) FROM stdin;
1	Can add log entry	1	add_logentry
2	Can change log entry	1	change_logentry
3	Can delete log entry	1	delete_logentry
4	Can view log entry	1	view_logentry
5	Can add permission	2	add_permission
6	Can change permission	2	change_permission
7	Can delete permission	2	delete_permission
8	Can view permission	2	view_permission
9	Can add group	3	add_group
10	Can change group	3	change_group
11	Can delete group	3	delete_group
12	Can view group	3	view_group
13	Can add content type	4	add_contenttype
14	Can change content type	4	change_contenttype
15	Can delete content type	4	delete_contenttype
16	Can view content type	4	view_contenttype
17	Can add session	5	add_session
18	Can change session	5	change_session
19	Can delete session	5	delete_session
20	Can view session	5	view_session
21	Can add Usuario	6	add_usuario
22	Can change Usuario	6	change_usuario
23	Can delete Usuario	6	delete_usuario
24	Can view Usuario	6	view_usuario
25	Can add Paciente	7	add_paciente
26	Can change Paciente	7	change_paciente
27	Can delete Paciente	7	delete_paciente
28	Can view Paciente	7	view_paciente
29	Can add Consulta	8	add_consulta
30	Can change Consulta	8	change_consulta
31	Can delete Consulta	8	delete_consulta
32	Can view Consulta	8	view_consulta
33	Can add Examen	9	add_examen
34	Can change Examen	9	change_examen
35	Can delete Examen	9	delete_examen
36	Can view Examen	9	view_examen
37	Can add Historia Clínica	10	add_historiaclinica
38	Can change Historia Clínica	10	change_historiaclinica
39	Can delete Historia Clínica	10	delete_historiaclinica
40	Can view Historia Clínica	10	view_historiaclinica
41	Can add Cita	11	add_cita
42	Can change Cita	11	change_cita
43	Can delete Cita	11	delete_cita
44	Can view Cita	11	view_cita
\.


--
-- TOC entry 5183 (class 0 OID 16604)
-- Dependencies: 240
-- Data for Name: citas_cita; Type: TABLE DATA; Schema: public; Owner: postgres
--

COPY public.citas_cita (id, fecha, hora, motivo, estado, observaciones, fecha_creacion, fecha_cancelacion, motivo_cancelacion, creado_por_id, medico_id, paciente_id) FROM stdin;
1	2025-10-31	17:30:00	Dolor de garganta	PROGRAMADA	na	2025-10-30 20:51:34.273454-05	\N		2	3	1
\.


--
-- TOC entry 5179 (class 0 OID 16546)
-- Dependencies: 236
-- Data for Name: django_admin_log; Type: TABLE DATA; Schema: public; Owner: postgres
--

COPY public.django_admin_log (id, action_time, object_id, object_repr, action_flag, change_message, content_type_id, user_id) FROM stdin;
1	2025-10-30 20:12:12.089417-05	1	Darwin Mercado - 23214234	1	[{"added": {}}]	7	1
2	2025-10-30 20:34:08.318151-05	1	ADMINISTRADOR ADMIN - Administrador	2	[{"changed": {"fields": ["First name", "Last name", "Cedula", "Telefono", "Especialidad", "Rol"]}}]	6	1
3	2025-10-30 20:36:27.433762-05	2	 - Enfermero	1	[{"added": {}}]	6	1
4	2025-10-30 20:38:04.389607-05	2	Darlinson Barreto - Enfermero	2	[{"changed": {"fields": ["First name", "Last name", "Email address", "Cedula", "Telefono", "Especialidad"]}}]	6	1
5	2025-10-30 20:39:25.684719-05	3	 - Enfermero	1	[{"added": {}}]	6	1
6	2025-10-30 20:40:04.771566-05	3	Angelina Figueroa - Médico	2	[{"changed": {"fields": ["First name", "Last name", "Email address", "Cedula", "Telefono", "Especialidad", "Rol"]}}]	6	1
\.


--
-- TOC entry 5165 (class 0 OID 16402)
-- Dependencies: 222
-- Data for Name: django_content_type; Type: TABLE DATA; Schema: public; Owner: postgres
--

COPY public.django_content_type (id, app_label, model) FROM stdin;
1	admin	logentry
2	auth	permission
3	auth	group
4	contenttypes	contenttype
5	sessions	session
6	usuarios	usuario
7	pacientes	paciente
8	historias_clinicas	consulta
9	historias_clinicas	examen
10	historias_clinicas	historiaclinica
11	citas	cita
\.


--
-- TOC entry 5163 (class 0 OID 16390)
-- Dependencies: 220
-- Data for Name: django_migrations; Type: TABLE DATA; Schema: public; Owner: postgres
--

COPY public.django_migrations (id, app, name, applied) FROM stdin;
1	contenttypes	0001_initial	2025-10-30 19:11:20.112376-05
2	contenttypes	0002_remove_content_type_name	2025-10-30 19:11:20.117606-05
3	auth	0001_initial	2025-10-30 19:11:20.145854-05
4	auth	0002_alter_permission_name_max_length	2025-10-30 19:11:20.149715-05
5	auth	0003_alter_user_email_max_length	2025-10-30 19:11:20.153243-05
6	auth	0004_alter_user_username_opts	2025-10-30 19:11:20.156496-05
7	auth	0005_alter_user_last_login_null	2025-10-30 19:11:20.159072-05
8	auth	0006_require_contenttypes_0002	2025-10-30 19:11:20.159853-05
9	auth	0007_alter_validators_add_error_messages	2025-10-30 19:11:20.162309-05
10	auth	0008_alter_user_username_max_length	2025-10-30 19:11:20.16651-05
11	auth	0009_alter_user_last_name_max_length	2025-10-30 19:11:20.170285-05
12	auth	0010_alter_group_name_max_length	2025-10-30 19:11:20.175402-05
13	auth	0011_update_proxy_permissions	2025-10-30 19:11:20.178353-05
14	auth	0012_alter_user_first_name_max_length	2025-10-30 19:11:20.182483-05
15	usuarios	0001_initial	2025-10-30 19:11:20.213917-05
16	admin	0001_initial	2025-10-30 19:11:20.227694-05
17	admin	0002_logentry_remove_auto_add	2025-10-30 19:11:20.232395-05
18	admin	0003_logentry_add_action_flag_choices	2025-10-30 19:11:20.237709-05
19	pacientes	0001_initial	2025-10-30 19:11:20.247037-05
20	citas	0001_initial	2025-10-30 19:11:20.253578-05
21	citas	0002_initial	2025-10-30 19:11:20.284506-05
22	historias_clinicas	0001_initial	2025-10-30 19:11:20.303096-05
23	historias_clinicas	0002_initial	2025-10-30 19:11:20.34021-05
24	sessions	0001_initial	2025-10-30 19:11:20.3479-05
\.


--
-- TOC entry 5190 (class 0 OID 16715)
-- Dependencies: 247
-- Data for Name: django_session; Type: TABLE DATA; Schema: public; Owner: postgres
--

COPY public.django_session (session_key, session_data, expire_date) FROM stdin;
\.


--
-- TOC entry 5185 (class 0 OID 16643)
-- Dependencies: 242
-- Data for Name: historias_clinicas_consulta; Type: TABLE DATA; Schema: public; Owner: postgres
--

COPY public.historias_clinicas_consulta (id, fecha_consulta, presion_arterial, frecuencia_cardiaca, temperatura, peso, altura, motivo_consulta, sintomas, diagnostico, tratamiento, observaciones, proxima_cita, medico_id, historia_clinica_id) FROM stdin;
\.


--
-- TOC entry 5187 (class 0 OID 16659)
-- Dependencies: 244
-- Data for Name: historias_clinicas_examen; Type: TABLE DATA; Schema: public; Owner: postgres
--

COPY public.historias_clinicas_examen (id, tipo, nombre, descripcion, fecha_solicitud, fecha_realizacion, resultados, archivo_resultado, consulta_id) FROM stdin;
\.


--
-- TOC entry 5189 (class 0 OID 16673)
-- Dependencies: 246
-- Data for Name: historias_clinicas_historiaclinica; Type: TABLE DATA; Schema: public; Owner: postgres
--

COPY public.historias_clinicas_historiaclinica (id, fecha_creacion, ultima_actualizacion, antecedentes_personales, antecedentes_familiares, medicamentos_actuales, paciente_id) FROM stdin;
1	2025-10-30 20:51:45.064931-05	2025-10-30 20:51:45.06494-05				1
\.


--
-- TOC entry 5181 (class 0 OID 16573)
-- Dependencies: 238
-- Data for Name: pacientes_paciente; Type: TABLE DATA; Schema: public; Owner: postgres
--

COPY public.pacientes_paciente (id, tipo_documento, numero_documento, nombres, apellidos, fecha_nacimiento, genero, telefono, celular, email, direccion, ciudad, tipo_sangre, alergias, contacto_emergencia_nombre, contacto_emergencia_telefono, contacto_emergencia_parentesco, fecha_registro, ultima_actualizacion, activo) FROM stdin;
1	CC	23214234	Darwin	Mercado	2000-10-29	M	4232323	651523	darwin@ul.edu.co	calle 323	Barranquilla	B+	Picadura de avispas	David Perez	329230	Padre	2025-10-30 20:12:12.087807-05	2025-10-30 20:12:12.087818-05	t
\.


--
-- TOC entry 5173 (class 0 OID 16471)
-- Dependencies: 230
-- Data for Name: usuarios_usuario; Type: TABLE DATA; Schema: public; Owner: postgres
--

COPY public.usuarios_usuario (id, password, last_login, is_superuser, username, first_name, last_name, email, is_staff, is_active, date_joined, rol, cedula, telefono, especialidad, fecha_creacion, activo) FROM stdin;
3	pbkdf2_sha256$1000000$FfOLjewQtsrakDnMRnjKUc$VOY7ASW3O0zhbNyRwXVzGK87HYxmqUxbcjm+Q9P7HnU=	2025-10-30 20:47:52.457521-05	f	Angelina_Figueroa	Angelina	Figueroa	angelina@citas.com	f	t	2025-10-30 20:39:25-05	MEDICO	64456	434234	Medico General	2025-10-30 20:39:25.683732-05	t
1	pbkdf2_sha256$1000000$FfOLjewQtsrakDnMRnjKUc$VOY7ASW3O0zhbNyRwXVzGK87HYxmqUxbcjm+Q9P7HnU=	2025-10-30 20:48:12.585847-05	t	admin	ADMINISTRADOR	ADMIN	admin@citas.com	t	t	2025-10-30 20:00:08-05	ADMIN	232323	4322	DIRECTORIO MEDICO	2025-10-30 20:00:08.648176-05	t
2	pbkdf2_sha256$1000000$FfOLjewQtsrakDnMRnjKUc$VOY7ASW3O0zhbNyRwXVzGK87HYxmqUxbcjm+Q9P7HnU=	2025-10-30 20:49:30.916175-05	f	Darlinson_Barreto	Darlinson	Barreto	darlinson@citas.com	f	t	2025-10-30 20:36:26-05	ENFERMERO	53453	34122	Enfermero	2025-10-30 20:36:27.43276-05	t
\.


--
-- TOC entry 5175 (class 0 OID 16498)
-- Dependencies: 232
-- Data for Name: usuarios_usuario_groups; Type: TABLE DATA; Schema: public; Owner: postgres
--

COPY public.usuarios_usuario_groups (id, usuario_id, group_id) FROM stdin;
\.


--
-- TOC entry 5177 (class 0 OID 16507)
-- Dependencies: 234
-- Data for Name: usuarios_usuario_user_permissions; Type: TABLE DATA; Schema: public; Owner: postgres
--

COPY public.usuarios_usuario_user_permissions (id, usuario_id, permission_id) FROM stdin;
\.


--
-- TOC entry 5196 (class 0 OID 0)
-- Dependencies: 225
-- Name: auth_group_id_seq; Type: SEQUENCE SET; Schema: public; Owner: postgres
--

SELECT pg_catalog.setval('public.auth_group_id_seq', 1, false);


--
-- TOC entry 5197 (class 0 OID 0)
-- Dependencies: 227
-- Name: auth_group_permissions_id_seq; Type: SEQUENCE SET; Schema: public; Owner: postgres
--

SELECT pg_catalog.setval('public.auth_group_permissions_id_seq', 1, false);


--
-- TOC entry 5198 (class 0 OID 0)
-- Dependencies: 223
-- Name: auth_permission_id_seq; Type: SEQUENCE SET; Schema: public; Owner: postgres
--

SELECT pg_catalog.setval('public.auth_permission_id_seq', 44, true);


--
-- TOC entry 5199 (class 0 OID 0)
-- Dependencies: 239
-- Name: citas_cita_id_seq; Type: SEQUENCE SET; Schema: public; Owner: postgres
--

SELECT pg_catalog.setval('public.citas_cita_id_seq', 1, true);


--
-- TOC entry 5200 (class 0 OID 0)
-- Dependencies: 235
-- Name: django_admin_log_id_seq; Type: SEQUENCE SET; Schema: public; Owner: postgres
--

SELECT pg_catalog.setval('public.django_admin_log_id_seq', 6, true);


--
-- TOC entry 5201 (class 0 OID 0)
-- Dependencies: 221
-- Name: django_content_type_id_seq; Type: SEQUENCE SET; Schema: public; Owner: postgres
--

SELECT pg_catalog.setval('public.django_content_type_id_seq', 11, true);


--
-- TOC entry 5202 (class 0 OID 0)
-- Dependencies: 219
-- Name: django_migrations_id_seq; Type: SEQUENCE SET; Schema: public; Owner: postgres
--

SELECT pg_catalog.setval('public.django_migrations_id_seq', 24, true);


--
-- TOC entry 5203 (class 0 OID 0)
-- Dependencies: 241
-- Name: historias_clinicas_consulta_id_seq; Type: SEQUENCE SET; Schema: public; Owner: postgres
--

SELECT pg_catalog.setval('public.historias_clinicas_consulta_id_seq', 1, false);


--
-- TOC entry 5204 (class 0 OID 0)
-- Dependencies: 243
-- Name: historias_clinicas_examen_id_seq; Type: SEQUENCE SET; Schema: public; Owner: postgres
--

SELECT pg_catalog.setval('public.historias_clinicas_examen_id_seq', 1, false);


--
-- TOC entry 5205 (class 0 OID 0)
-- Dependencies: 245
-- Name: historias_clinicas_historiaclinica_id_seq; Type: SEQUENCE SET; Schema: public; Owner: postgres
--

SELECT pg_catalog.setval('public.historias_clinicas_historiaclinica_id_seq', 1, true);


--
-- TOC entry 5206 (class 0 OID 0)
-- Dependencies: 237
-- Name: pacientes_paciente_id_seq; Type: SEQUENCE SET; Schema: public; Owner: postgres
--

SELECT pg_catalog.setval('public.pacientes_paciente_id_seq', 1, true);


--
-- TOC entry 5207 (class 0 OID 0)
-- Dependencies: 231
-- Name: usuarios_usuario_groups_id_seq; Type: SEQUENCE SET; Schema: public; Owner: postgres
--

SELECT pg_catalog.setval('public.usuarios_usuario_groups_id_seq', 1, false);


--
-- TOC entry 5208 (class 0 OID 0)
-- Dependencies: 229
-- Name: usuarios_usuario_id_seq; Type: SEQUENCE SET; Schema: public; Owner: postgres
--

SELECT pg_catalog.setval('public.usuarios_usuario_id_seq', 3, true);


--
-- TOC entry 5209 (class 0 OID 0)
-- Dependencies: 233
-- Name: usuarios_usuario_user_permissions_id_seq; Type: SEQUENCE SET; Schema: public; Owner: postgres
--

SELECT pg_catalog.setval('public.usuarios_usuario_user_permissions_id_seq', 1, false);


--
-- TOC entry 4939 (class 2606 OID 16467)
-- Name: auth_group auth_group_name_key; Type: CONSTRAINT; Schema: public; Owner: postgres
--

ALTER TABLE ONLY public.auth_group
    ADD CONSTRAINT auth_group_name_key UNIQUE (name);


--
-- TOC entry 4944 (class 2606 OID 16452)
-- Name: auth_group_permissions auth_group_permissions_group_id_permission_id_0cd325b0_uniq; Type: CONSTRAINT; Schema: public; Owner: postgres
--

ALTER TABLE ONLY public.auth_group_permissions
    ADD CONSTRAINT auth_group_permissions_group_id_permission_id_0cd325b0_uniq UNIQUE (group_id, permission_id);


--
-- TOC entry 4947 (class 2606 OID 16441)
-- Name: auth_group_permissions auth_group_permissions_pkey; Type: CONSTRAINT; Schema: public; Owner: postgres
--

ALTER TABLE ONLY public.auth_group_permissions
    ADD CONSTRAINT auth_group_permissions_pkey PRIMARY KEY (id);


--
-- TOC entry 4941 (class 2606 OID 16430)
-- Name: auth_group auth_group_pkey; Type: CONSTRAINT; Schema: public; Owner: postgres
--

ALTER TABLE ONLY public.auth_group
    ADD CONSTRAINT auth_group_pkey PRIMARY KEY (id);


--
-- TOC entry 4934 (class 2606 OID 16443)
-- Name: auth_permission auth_permission_content_type_id_codename_01ab375a_uniq; Type: CONSTRAINT; Schema: public; Owner: postgres
--

ALTER TABLE ONLY public.auth_permission
    ADD CONSTRAINT auth_permission_content_type_id_codename_01ab375a_uniq UNIQUE (content_type_id, codename);


--
-- TOC entry 4936 (class 2606 OID 16422)
-- Name: auth_permission auth_permission_pkey; Type: CONSTRAINT; Schema: public; Owner: postgres
--

ALTER TABLE ONLY public.auth_permission
    ADD CONSTRAINT auth_permission_pkey PRIMARY KEY (id);


--
-- TOC entry 4980 (class 2606 OID 16638)
-- Name: citas_cita citas_cita_medico_id_fecha_hora_c17105fd_uniq; Type: CONSTRAINT; Schema: public; Owner: postgres
--

ALTER TABLE ONLY public.citas_cita
    ADD CONSTRAINT citas_cita_medico_id_fecha_hora_c17105fd_uniq UNIQUE (medico_id, fecha, hora);


--
-- TOC entry 4983 (class 2606 OID 16618)
-- Name: citas_cita citas_cita_pkey; Type: CONSTRAINT; Schema: public; Owner: postgres
--

ALTER TABLE ONLY public.citas_cita
    ADD CONSTRAINT citas_cita_pkey PRIMARY KEY (id);


--
-- TOC entry 4970 (class 2606 OID 16559)
-- Name: django_admin_log django_admin_log_pkey; Type: CONSTRAINT; Schema: public; Owner: postgres
--

ALTER TABLE ONLY public.django_admin_log
    ADD CONSTRAINT django_admin_log_pkey PRIMARY KEY (id);


--
-- TOC entry 4929 (class 2606 OID 16412)
-- Name: django_content_type django_content_type_app_label_model_76bd3d3b_uniq; Type: CONSTRAINT; Schema: public; Owner: postgres
--

ALTER TABLE ONLY public.django_content_type
    ADD CONSTRAINT django_content_type_app_label_model_76bd3d3b_uniq UNIQUE (app_label, model);


--
-- TOC entry 4931 (class 2606 OID 16410)
-- Name: django_content_type django_content_type_pkey; Type: CONSTRAINT; Schema: public; Owner: postgres
--

ALTER TABLE ONLY public.django_content_type
    ADD CONSTRAINT django_content_type_pkey PRIMARY KEY (id);


--
-- TOC entry 4927 (class 2606 OID 16400)
-- Name: django_migrations django_migrations_pkey; Type: CONSTRAINT; Schema: public; Owner: postgres
--

ALTER TABLE ONLY public.django_migrations
    ADD CONSTRAINT django_migrations_pkey PRIMARY KEY (id);


--
-- TOC entry 4997 (class 2606 OID 16724)
-- Name: django_session django_session_pkey; Type: CONSTRAINT; Schema: public; Owner: postgres
--

ALTER TABLE ONLY public.django_session
    ADD CONSTRAINT django_session_pkey PRIMARY KEY (session_key);


--
-- TOC entry 4987 (class 2606 OID 16657)
-- Name: historias_clinicas_consulta historias_clinicas_consulta_pkey; Type: CONSTRAINT; Schema: public; Owner: postgres
--

ALTER TABLE ONLY public.historias_clinicas_consulta
    ADD CONSTRAINT historias_clinicas_consulta_pkey PRIMARY KEY (id);


--
-- TOC entry 4990 (class 2606 OID 16671)
-- Name: historias_clinicas_examen historias_clinicas_examen_pkey; Type: CONSTRAINT; Schema: public; Owner: postgres
--

ALTER TABLE ONLY public.historias_clinicas_examen
    ADD CONSTRAINT historias_clinicas_examen_pkey PRIMARY KEY (id);


--
-- TOC entry 4992 (class 2606 OID 16700)
-- Name: historias_clinicas_historiaclinica historias_clinicas_historiaclinica_paciente_id_key; Type: CONSTRAINT; Schema: public; Owner: postgres
--

ALTER TABLE ONLY public.historias_clinicas_historiaclinica
    ADD CONSTRAINT historias_clinicas_historiaclinica_paciente_id_key UNIQUE (paciente_id);


--
-- TOC entry 4994 (class 2606 OID 16685)
-- Name: historias_clinicas_historiaclinica historias_clinicas_historiaclinica_pkey; Type: CONSTRAINT; Schema: public; Owner: postgres
--

ALTER TABLE ONLY public.historias_clinicas_historiaclinica
    ADD CONSTRAINT historias_clinicas_historiaclinica_pkey PRIMARY KEY (id);


--
-- TOC entry 4974 (class 2606 OID 16601)
-- Name: pacientes_paciente pacientes_paciente_numero_documento_key; Type: CONSTRAINT; Schema: public; Owner: postgres
--

ALTER TABLE ONLY public.pacientes_paciente
    ADD CONSTRAINT pacientes_paciente_numero_documento_key UNIQUE (numero_documento);


--
-- TOC entry 4976 (class 2606 OID 16599)
-- Name: pacientes_paciente pacientes_paciente_pkey; Type: CONSTRAINT; Schema: public; Owner: postgres
--

ALTER TABLE ONLY public.pacientes_paciente
    ADD CONSTRAINT pacientes_paciente_pkey PRIMARY KEY (id);


--
-- TOC entry 4950 (class 2606 OID 16496)
-- Name: usuarios_usuario usuarios_usuario_cedula_key; Type: CONSTRAINT; Schema: public; Owner: postgres
--

ALTER TABLE ONLY public.usuarios_usuario
    ADD CONSTRAINT usuarios_usuario_cedula_key UNIQUE (cedula);


--
-- TOC entry 4958 (class 2606 OID 16505)
-- Name: usuarios_usuario_groups usuarios_usuario_groups_pkey; Type: CONSTRAINT; Schema: public; Owner: postgres
--

ALTER TABLE ONLY public.usuarios_usuario_groups
    ADD CONSTRAINT usuarios_usuario_groups_pkey PRIMARY KEY (id);


--
-- TOC entry 4961 (class 2606 OID 16518)
-- Name: usuarios_usuario_groups usuarios_usuario_groups_usuario_id_group_id_4ed5b09e_uniq; Type: CONSTRAINT; Schema: public; Owner: postgres
--

ALTER TABLE ONLY public.usuarios_usuario_groups
    ADD CONSTRAINT usuarios_usuario_groups_usuario_id_group_id_4ed5b09e_uniq UNIQUE (usuario_id, group_id);


--
-- TOC entry 4952 (class 2606 OID 16492)
-- Name: usuarios_usuario usuarios_usuario_pkey; Type: CONSTRAINT; Schema: public; Owner: postgres
--

ALTER TABLE ONLY public.usuarios_usuario
    ADD CONSTRAINT usuarios_usuario_pkey PRIMARY KEY (id);


--
-- TOC entry 4963 (class 2606 OID 16532)
-- Name: usuarios_usuario_user_permissions usuarios_usuario_user_pe_usuario_id_permission_id_217cadcd_uniq; Type: CONSTRAINT; Schema: public; Owner: postgres
--

ALTER TABLE ONLY public.usuarios_usuario_user_permissions
    ADD CONSTRAINT usuarios_usuario_user_pe_usuario_id_permission_id_217cadcd_uniq UNIQUE (usuario_id, permission_id);


--
-- TOC entry 4966 (class 2606 OID 16514)
-- Name: usuarios_usuario_user_permissions usuarios_usuario_user_permissions_pkey; Type: CONSTRAINT; Schema: public; Owner: postgres
--

ALTER TABLE ONLY public.usuarios_usuario_user_permissions
    ADD CONSTRAINT usuarios_usuario_user_permissions_pkey PRIMARY KEY (id);


--
-- TOC entry 4955 (class 2606 OID 16494)
-- Name: usuarios_usuario usuarios_usuario_username_key; Type: CONSTRAINT; Schema: public; Owner: postgres
--

ALTER TABLE ONLY public.usuarios_usuario
    ADD CONSTRAINT usuarios_usuario_username_key UNIQUE (username);


--
-- TOC entry 4937 (class 1259 OID 16468)
-- Name: auth_group_name_a6ea08ec_like; Type: INDEX; Schema: public; Owner: postgres
--

CREATE INDEX auth_group_name_a6ea08ec_like ON public.auth_group USING btree (name varchar_pattern_ops);


--
-- TOC entry 4942 (class 1259 OID 16463)
-- Name: auth_group_permissions_group_id_b120cbf9; Type: INDEX; Schema: public; Owner: postgres
--

CREATE INDEX auth_group_permissions_group_id_b120cbf9 ON public.auth_group_permissions USING btree (group_id);


--
-- TOC entry 4945 (class 1259 OID 16464)
-- Name: auth_group_permissions_permission_id_84c5c92e; Type: INDEX; Schema: public; Owner: postgres
--

CREATE INDEX auth_group_permissions_permission_id_84c5c92e ON public.auth_group_permissions USING btree (permission_id);


--
-- TOC entry 4932 (class 1259 OID 16449)
-- Name: auth_permission_content_type_id_2f476e4b; Type: INDEX; Schema: public; Owner: postgres
--

CREATE INDEX auth_permission_content_type_id_2f476e4b ON public.auth_permission USING btree (content_type_id);


--
-- TOC entry 4977 (class 1259 OID 16639)
-- Name: citas_cita_creado_por_id_609e3d79; Type: INDEX; Schema: public; Owner: postgres
--

CREATE INDEX citas_cita_creado_por_id_609e3d79 ON public.citas_cita USING btree (creado_por_id);


--
-- TOC entry 4978 (class 1259 OID 16640)
-- Name: citas_cita_medico_id_aadcbe06; Type: INDEX; Schema: public; Owner: postgres
--

CREATE INDEX citas_cita_medico_id_aadcbe06 ON public.citas_cita USING btree (medico_id);


--
-- TOC entry 4981 (class 1259 OID 16641)
-- Name: citas_cita_paciente_id_6494b869; Type: INDEX; Schema: public; Owner: postgres
--

CREATE INDEX citas_cita_paciente_id_6494b869 ON public.citas_cita USING btree (paciente_id);


--
-- TOC entry 4968 (class 1259 OID 16570)
-- Name: django_admin_log_content_type_id_c4bce8eb; Type: INDEX; Schema: public; Owner: postgres
--

CREATE INDEX django_admin_log_content_type_id_c4bce8eb ON public.django_admin_log USING btree (content_type_id);


--
-- TOC entry 4971 (class 1259 OID 16571)
-- Name: django_admin_log_user_id_c564eba6; Type: INDEX; Schema: public; Owner: postgres
--

CREATE INDEX django_admin_log_user_id_c564eba6 ON public.django_admin_log USING btree (user_id);


--
-- TOC entry 4995 (class 1259 OID 16726)
-- Name: django_session_expire_date_a5c62663; Type: INDEX; Schema: public; Owner: postgres
--

CREATE INDEX django_session_expire_date_a5c62663 ON public.django_session USING btree (expire_date);


--
-- TOC entry 4998 (class 1259 OID 16725)
-- Name: django_session_session_key_c0390e0f_like; Type: INDEX; Schema: public; Owner: postgres
--

CREATE INDEX django_session_session_key_c0390e0f_like ON public.django_session USING btree (session_key varchar_pattern_ops);


--
-- TOC entry 4984 (class 1259 OID 16714)
-- Name: historias_clinicas_consulta_historia_clinica_id_0555315b; Type: INDEX; Schema: public; Owner: postgres
--

CREATE INDEX historias_clinicas_consulta_historia_clinica_id_0555315b ON public.historias_clinicas_consulta USING btree (historia_clinica_id);


--
-- TOC entry 4985 (class 1259 OID 16712)
-- Name: historias_clinicas_consulta_medico_id_9b26d9d4; Type: INDEX; Schema: public; Owner: postgres
--

CREATE INDEX historias_clinicas_consulta_medico_id_9b26d9d4 ON public.historias_clinicas_consulta USING btree (medico_id);


--
-- TOC entry 4988 (class 1259 OID 16713)
-- Name: historias_clinicas_examen_consulta_id_24e8f75f; Type: INDEX; Schema: public; Owner: postgres
--

CREATE INDEX historias_clinicas_examen_consulta_id_24e8f75f ON public.historias_clinicas_examen USING btree (consulta_id);


--
-- TOC entry 4972 (class 1259 OID 16602)
-- Name: pacientes_paciente_numero_documento_09a81608_like; Type: INDEX; Schema: public; Owner: postgres
--

CREATE INDEX pacientes_paciente_numero_documento_09a81608_like ON public.pacientes_paciente USING btree (numero_documento varchar_pattern_ops);


--
-- TOC entry 4948 (class 1259 OID 16516)
-- Name: usuarios_usuario_cedula_6e40509a_like; Type: INDEX; Schema: public; Owner: postgres
--

CREATE INDEX usuarios_usuario_cedula_6e40509a_like ON public.usuarios_usuario USING btree (cedula varchar_pattern_ops);


--
-- TOC entry 4956 (class 1259 OID 16530)
-- Name: usuarios_usuario_groups_group_id_e77f6dcf; Type: INDEX; Schema: public; Owner: postgres
--

CREATE INDEX usuarios_usuario_groups_group_id_e77f6dcf ON public.usuarios_usuario_groups USING btree (group_id);


--
-- TOC entry 4959 (class 1259 OID 16529)
-- Name: usuarios_usuario_groups_usuario_id_7a34077f; Type: INDEX; Schema: public; Owner: postgres
--

CREATE INDEX usuarios_usuario_groups_usuario_id_7a34077f ON public.usuarios_usuario_groups USING btree (usuario_id);


--
-- TOC entry 4964 (class 1259 OID 16544)
-- Name: usuarios_usuario_user_permissions_permission_id_4e5c0f2f; Type: INDEX; Schema: public; Owner: postgres
--

CREATE INDEX usuarios_usuario_user_permissions_permission_id_4e5c0f2f ON public.usuarios_usuario_user_permissions USING btree (permission_id);


--
-- TOC entry 4967 (class 1259 OID 16543)
-- Name: usuarios_usuario_user_permissions_usuario_id_60aeea80; Type: INDEX; Schema: public; Owner: postgres
--

CREATE INDEX usuarios_usuario_user_permissions_usuario_id_60aeea80 ON public.usuarios_usuario_user_permissions USING btree (usuario_id);


--
-- TOC entry 4953 (class 1259 OID 16515)
-- Name: usuarios_usuario_username_be9def2b_like; Type: INDEX; Schema: public; Owner: postgres
--

CREATE INDEX usuarios_usuario_username_be9def2b_like ON public.usuarios_usuario USING btree (username varchar_pattern_ops);


--
-- TOC entry 5000 (class 2606 OID 16458)
-- Name: auth_group_permissions auth_group_permissio_permission_id_84c5c92e_fk_auth_perm; Type: FK CONSTRAINT; Schema: public; Owner: postgres
--

ALTER TABLE ONLY public.auth_group_permissions
    ADD CONSTRAINT auth_group_permissio_permission_id_84c5c92e_fk_auth_perm FOREIGN KEY (permission_id) REFERENCES public.auth_permission(id) DEFERRABLE INITIALLY DEFERRED;


--
-- TOC entry 5001 (class 2606 OID 16453)
-- Name: auth_group_permissions auth_group_permissions_group_id_b120cbf9_fk_auth_group_id; Type: FK CONSTRAINT; Schema: public; Owner: postgres
--

ALTER TABLE ONLY public.auth_group_permissions
    ADD CONSTRAINT auth_group_permissions_group_id_b120cbf9_fk_auth_group_id FOREIGN KEY (group_id) REFERENCES public.auth_group(id) DEFERRABLE INITIALLY DEFERRED;


--
-- TOC entry 4999 (class 2606 OID 16444)
-- Name: auth_permission auth_permission_content_type_id_2f476e4b_fk_django_co; Type: FK CONSTRAINT; Schema: public; Owner: postgres
--

ALTER TABLE ONLY public.auth_permission
    ADD CONSTRAINT auth_permission_content_type_id_2f476e4b_fk_django_co FOREIGN KEY (content_type_id) REFERENCES public.django_content_type(id) DEFERRABLE INITIALLY DEFERRED;


--
-- TOC entry 5008 (class 2606 OID 16620)
-- Name: citas_cita citas_cita_creado_por_id_609e3d79_fk_usuarios_usuario_id; Type: FK CONSTRAINT; Schema: public; Owner: postgres
--

ALTER TABLE ONLY public.citas_cita
    ADD CONSTRAINT citas_cita_creado_por_id_609e3d79_fk_usuarios_usuario_id FOREIGN KEY (creado_por_id) REFERENCES public.usuarios_usuario(id) DEFERRABLE INITIALLY DEFERRED;


--
-- TOC entry 5009 (class 2606 OID 16626)
-- Name: citas_cita citas_cita_medico_id_aadcbe06_fk_usuarios_usuario_id; Type: FK CONSTRAINT; Schema: public; Owner: postgres
--

ALTER TABLE ONLY public.citas_cita
    ADD CONSTRAINT citas_cita_medico_id_aadcbe06_fk_usuarios_usuario_id FOREIGN KEY (medico_id) REFERENCES public.usuarios_usuario(id) DEFERRABLE INITIALLY DEFERRED;


--
-- TOC entry 5010 (class 2606 OID 16632)
-- Name: citas_cita citas_cita_paciente_id_6494b869_fk_pacientes_paciente_id; Type: FK CONSTRAINT; Schema: public; Owner: postgres
--

ALTER TABLE ONLY public.citas_cita
    ADD CONSTRAINT citas_cita_paciente_id_6494b869_fk_pacientes_paciente_id FOREIGN KEY (paciente_id) REFERENCES public.pacientes_paciente(id) DEFERRABLE INITIALLY DEFERRED;


--
-- TOC entry 5006 (class 2606 OID 16560)
-- Name: django_admin_log django_admin_log_content_type_id_c4bce8eb_fk_django_co; Type: FK CONSTRAINT; Schema: public; Owner: postgres
--

ALTER TABLE ONLY public.django_admin_log
    ADD CONSTRAINT django_admin_log_content_type_id_c4bce8eb_fk_django_co FOREIGN KEY (content_type_id) REFERENCES public.django_content_type(id) DEFERRABLE INITIALLY DEFERRED;


--
-- TOC entry 5007 (class 2606 OID 16565)
-- Name: django_admin_log django_admin_log_user_id_c564eba6_fk_usuarios_usuario_id; Type: FK CONSTRAINT; Schema: public; Owner: postgres
--

ALTER TABLE ONLY public.django_admin_log
    ADD CONSTRAINT django_admin_log_user_id_c564eba6_fk_usuarios_usuario_id FOREIGN KEY (user_id) REFERENCES public.usuarios_usuario(id) DEFERRABLE INITIALLY DEFERRED;


--
-- TOC entry 5011 (class 2606 OID 16707)
-- Name: historias_clinicas_consulta historias_clinicas_c_historia_clinica_id_0555315b_fk_historias; Type: FK CONSTRAINT; Schema: public; Owner: postgres
--

ALTER TABLE ONLY public.historias_clinicas_consulta
    ADD CONSTRAINT historias_clinicas_c_historia_clinica_id_0555315b_fk_historias FOREIGN KEY (historia_clinica_id) REFERENCES public.historias_clinicas_historiaclinica(id) DEFERRABLE INITIALLY DEFERRED;


--
-- TOC entry 5012 (class 2606 OID 16687)
-- Name: historias_clinicas_consulta historias_clinicas_c_medico_id_9b26d9d4_fk_usuarios_; Type: FK CONSTRAINT; Schema: public; Owner: postgres
--

ALTER TABLE ONLY public.historias_clinicas_consulta
    ADD CONSTRAINT historias_clinicas_c_medico_id_9b26d9d4_fk_usuarios_ FOREIGN KEY (medico_id) REFERENCES public.usuarios_usuario(id) DEFERRABLE INITIALLY DEFERRED;


--
-- TOC entry 5013 (class 2606 OID 16693)
-- Name: historias_clinicas_examen historias_clinicas_e_consulta_id_24e8f75f_fk_historias; Type: FK CONSTRAINT; Schema: public; Owner: postgres
--

ALTER TABLE ONLY public.historias_clinicas_examen
    ADD CONSTRAINT historias_clinicas_e_consulta_id_24e8f75f_fk_historias FOREIGN KEY (consulta_id) REFERENCES public.historias_clinicas_consulta(id) DEFERRABLE INITIALLY DEFERRED;


--
-- TOC entry 5014 (class 2606 OID 16701)
-- Name: historias_clinicas_historiaclinica historias_clinicas_h_paciente_id_64a83906_fk_pacientes; Type: FK CONSTRAINT; Schema: public; Owner: postgres
--

ALTER TABLE ONLY public.historias_clinicas_historiaclinica
    ADD CONSTRAINT historias_clinicas_h_paciente_id_64a83906_fk_pacientes FOREIGN KEY (paciente_id) REFERENCES public.pacientes_paciente(id) DEFERRABLE INITIALLY DEFERRED;


--
-- TOC entry 5002 (class 2606 OID 16519)
-- Name: usuarios_usuario_groups usuarios_usuario_gro_usuario_id_7a34077f_fk_usuarios_; Type: FK CONSTRAINT; Schema: public; Owner: postgres
--

ALTER TABLE ONLY public.usuarios_usuario_groups
    ADD CONSTRAINT usuarios_usuario_gro_usuario_id_7a34077f_fk_usuarios_ FOREIGN KEY (usuario_id) REFERENCES public.usuarios_usuario(id) DEFERRABLE INITIALLY DEFERRED;


--
-- TOC entry 5003 (class 2606 OID 16524)
-- Name: usuarios_usuario_groups usuarios_usuario_groups_group_id_e77f6dcf_fk_auth_group_id; Type: FK CONSTRAINT; Schema: public; Owner: postgres
--

ALTER TABLE ONLY public.usuarios_usuario_groups
    ADD CONSTRAINT usuarios_usuario_groups_group_id_e77f6dcf_fk_auth_group_id FOREIGN KEY (group_id) REFERENCES public.auth_group(id) DEFERRABLE INITIALLY DEFERRED;


--
-- TOC entry 5004 (class 2606 OID 16538)
-- Name: usuarios_usuario_user_permissions usuarios_usuario_use_permission_id_4e5c0f2f_fk_auth_perm; Type: FK CONSTRAINT; Schema: public; Owner: postgres
--

ALTER TABLE ONLY public.usuarios_usuario_user_permissions
    ADD CONSTRAINT usuarios_usuario_use_permission_id_4e5c0f2f_fk_auth_perm FOREIGN KEY (permission_id) REFERENCES public.auth_permission(id) DEFERRABLE INITIALLY DEFERRED;


--
-- TOC entry 5005 (class 2606 OID 16533)
-- Name: usuarios_usuario_user_permissions usuarios_usuario_use_usuario_id_60aeea80_fk_usuarios_; Type: FK CONSTRAINT; Schema: public; Owner: postgres
--

ALTER TABLE ONLY public.usuarios_usuario_user_permissions
    ADD CONSTRAINT usuarios_usuario_use_usuario_id_60aeea80_fk_usuarios_ FOREIGN KEY (usuario_id) REFERENCES public.usuarios_usuario(id) DEFERRABLE INITIALLY DEFERRED;


-- Completed on 2025-10-30 20:57:12

--
-- PostgreSQL database dump complete
--

\unrestrict ojmIM1XLMTgvpPAW3azFVCLn2SFBTgeL1yOBb4QN1Xt7aTyuEGNpDoFMNUrbxAZ

